{"data": [{"ObjectIdentifier": "S-1-5-21-3509477529-2169914037-1395257886", "Properties": {"name": "OFFSEC.NL", "domain": "OFFSEC.NL", "domainsid": "S-1-5-21-3509477529-2169914037-1395257886", "distinguishedname": "DC=OFFSEC,DC=NL", "description": null, "functionallevel": "2016", "whencreated": 1644050034}, "Trusts": [], "Aces": [{"RightName": "Owns", "IsInherited": false, "PrincipalSID": "OFFSEC.NL-S-1-5-32-544", "PrincipalType": "Group"}, {"RightName": "GetChanges", "IsInherited": false, "PrincipalSID": "S-1-5-21-3509477529-2169914037-1395257886-498", "PrincipalType": "Group"}, {"RightName": "GetChangesAll", "IsInherited": false, "PrincipalSID": "S-1-5-21-3509477529-2169914037-1395257886-516", "PrincipalType": "Group"}, {"RightName": "GetChanges", "IsInherited": false, "PrincipalSID": "OFFSEC.NL-S-1-5-32-544", "PrincipalType": "Group"}, {"RightName": "GetChangesAll", "IsInherited": false, "PrincipalSID": "OFFSEC.NL-S-1-5-32-544", "PrincipalType": "Group"}, {"RightName": "GetChanges", "IsInherited": false, "PrincipalSID": "OFFSEC.NL-S-1-5-9", "PrincipalType": "Group"}, {"RightName": "GenericWrite", "IsInherited": false, "PrincipalSID": "S-1-5-21-3509477529-2169914037-1395257886-512", "PrincipalType": "Group"}, {"RightName": "WriteOwner", "IsInherited": false, "PrincipalSID": "S-1-5-21-3509477529-2169914037-1395257886-512", "PrincipalType": "Group"}, {"RightName": "AllExtendedRights", "IsInherited": false, "PrincipalSID": "S-1-5-21-3509477529-2169914037-1395257886-512", "PrincipalType": "Group"}, {"RightName": "WriteDacl", "IsInherited": false, "PrincipalSID": "S-1-5-21-3509477529-2169914037-1395257886-512", "PrincipalType": "Group"}, {"RightName": "GenericAll", "IsInherited": false, "PrincipalSID": "S-1-5-21-3509477529-2169914037-1395257886-519", "PrincipalType": "Group"}, {"RightName": "GenericAll", "IsInherited": false, "PrincipalSID": "S-1-5-21-3509477529-2169914037-1395257886-4136", "PrincipalType": "Computer"}, {"RightName": "GenericAll", "IsInherited": false, "PrincipalSID": "S-1-5-21-3509477529-2169914037-1395257886-4154", "PrincipalType": "Computer"}, {"RightName": "GenericAll", "IsInherited": false, "PrincipalSID": "S-1-5-21-3509477529-2169914037-1395257886-1389", "PrincipalType": "User"}, {"RightName": "GenericAll", "IsInherited": false, "PrincipalSID": "S-1-5-21-3509477529-2169914037-1395257886-3753", "PrincipalType": "Group"}, {"RightName": "GenericAll", "IsInherited": false, "PrincipalSID": "S-1-5-21-3509477529-2169914037-1395257886-4044", "PrincipalType": "Group"}, {"RightName": "GenericAll", "IsInherited": false, "PrincipalSID": "S-1-5-21-3509477529-2169914037-1395257886-3797", "PrincipalType": "Group"}, {"RightName": "GenericAll", "IsInherited": false, "PrincipalSID": "S-1-5-21-3509477529-2169914037-1395257886-4090", "PrincipalType": "Computer"}, {"RightName": "GenericAll", "IsInherited": false, "PrincipalSID": "S-1-5-21-3509477529-2169914037-1395257886-1532", "PrincipalType": "User"}, {"RightName": "GenericWrite", "IsInherited": false, "PrincipalSID": "OFFSEC.NL-S-1-5-32-544", "PrincipalType": "Group"}, {"RightName": "WriteOwner", "IsInherited": false, "PrincipalSID": "OFFSEC.NL-S-1-5-32-544", "PrincipalType": "Group"}, {"RightName": "AllExtendedRights", "IsInherited": false, "PrincipalSID": "OFFSEC.NL-S-1-5-32-544", "PrincipalType": "Group"}, {"RightName": "WriteDacl", "IsInherited": false, "PrincipalSID": "OFFSEC.NL-S-1-5-32-544", "PrincipalType": "Group"}], "Links": [], "ChildObjects": [], "GPOChanges": {"AffectedComputers": [], "DcomUsers": [], "LocalAdmins": [], "PSRemoteUsers": [], "RemoteDesktopUsers": []}, "IsDeleted": false, "IsACLProtected": false}], "meta": {"type": "domains", "count": 1, "version": 4}}